{
    "/root/Game/Player2": {
        "pos": {
            "x": 230.290924,
            "y": 279.715454
        }
    },
    "/root/Game/Player": {
        "max_health": 6,
        "pos": {
            "x": 951.250977,
            "y": 183.763229
        }
    }
}